段階,確認項目,確認の証拠,担当者,状態
基準値,有用な URL と検索語・ページの基準値を記録する,国・端末フィルターを含む日付付きの出力記録,,
コンテンツ,維持、書き直し、統合、移行、廃止を決める,URL 一覧が承認されている,,
移行,関連する転送先を選ぶ,ループや競合がないことを確認済みの対応表,,
移行,公開後の HTTP 応答を検証する,移行対象の旧 URL が恒久的に転送され、転送先が応答する,,
インデックス登録,クロール制御と正規 URL の設定を確認する,対象ページにアクセスでき、意図しない noindex がなく、自己参照の正規 URL が正しい,,
言語,使用している言語別リンクを確認する,相互の hreflang 設定と移動先の言語が正しい,,
ナビゲーション,内部リンクとサイトマップを確認する,リンクとサイトマップが意図した最終 URL を使用している,,
フォーム,送信成功と失敗をテストする,受信者がテスト問い合わせを確認し、失敗の状態も分かる,,
画面,スマートフォンとキーボードでの操作を確認する,端末とキーボードの確認結果が記録されている,,
分析,同意設定と実際のイベントを確認する,同意を尊重し、受信した問い合わせと引き継ぎクリックを分けて記録する,,
公開,承認者と復元担当者を指定する,公開の判断と復元手順が記録されている,,
公開後,本番環境と検索状況の変化を確認する,日付付きの問題記録と比較可能な集計期間,,
